time,Q,T
0.000000000000000000e+00,0.000000000000000000e+00,2.219999999999999929e+01
1.000000000000000000e+00,0.000000000000000000e+00,2.219999999999999929e+01
2.000000000000000000e+00,0.000000000000000000e+00,2.219999999999999929e+01
3.000000000000000000e+00,0.000000000000000000e+00,2.219999999999999929e+01
4.000000000000000000e+00,0.000000000000000000e+00,2.219999999999999929e+01
5.000000000000000000e+00,0.000000000000000000e+00,2.251999999999999957e+01
6.000000000000000000e+00,0.000000000000000000e+00,2.219999999999999929e+01
7.000000000000000000e+00,0.000000000000000000e+00,2.219999999999999929e+01
8.000000000000000000e+00,0.000000000000000000e+00,2.219999999999999929e+01
9.000000000000000000e+00,0.000000000000000000e+00,2.219999999999999929e+01
1.000000000000000000e+01,7.000000000000000000e+01,2.219999999999999929e+01
1.100000000000000000e+01,7.000000000000000000e+01,2.219999999999999929e+01
1.200000000000000000e+01,7.000000000000000000e+01,2.219999999999999929e+01
1.300000000000000000e+01,7.000000000000000000e+01,2.219999999999999929e+01
1.400000000000000000e+01,7.000000000000000000e+01,2.251999999999999957e+01
1.500000000000000000e+01,7.000000000000000000e+01,2.251999999999999957e+01
1.600000000000000000e+01,7.000000000000000000e+01,2.251999999999999957e+01
1.700000000000000000e+01,7.000000000000000000e+01,2.251999999999999957e+01
1.800000000000000000e+01,7.000000000000000000e+01,2.251999999999999957e+01
1.900000000000000000e+01,7.000000000000000000e+01,2.283999999999999986e+01
2.000000000000000000e+01,7.000000000000000000e+01,2.283999999999999986e+01
2.100000000000000000e+01,7.000000000000000000e+01,2.316000000000000014e+01
2.200000000000000000e+01,7.000000000000000000e+01,2.316000000000000014e+01
2.300000000000000000e+01,7.000000000000000000e+01,2.348000000000000043e+01
2.400000000000000000e+01,7.000000000000000000e+01,2.348000000000000043e+01
2.500000000000000000e+01,7.000000000000000000e+01,2.348000000000000043e+01
2.600000000000000000e+01,7.000000000000000000e+01,2.380999999999999872e+01
2.700000000000000000e+01,7.000000000000000000e+01,2.412999999999999901e+01
2.800000000000000000e+01,7.000000000000000000e+01,2.412999999999999901e+01
2.900000000000000000e+01,7.000000000000000000e+01,2.444999999999999929e+01
3.000000000000000000e+01,7.000000000000000000e+01,2.476999999999999957e+01
3.100000000000000000e+01,7.000000000000000000e+01,2.510000000000000142e+01
3.200000000000000000e+01,7.000000000000000000e+01,2.510000000000000142e+01
3.300000000000000000e+01,7.000000000000000000e+01,2.542000000000000171e+01
3.400000000000000000e+01,7.000000000000000000e+01,2.573999999999999844e+01
3.500000000000000000e+01,7.000000000000000000e+01,2.605999999999999872e+01
3.600000000000000000e+01,7.000000000000000000e+01,2.605999999999999872e+01
3.700000000000000000e+01,7.000000000000000000e+01,2.639000000000000057e+01
3.800000000000000000e+01,7.000000000000000000e+01,2.671000000000000085e+01
3.900000000000000000e+01,7.000000000000000000e+01,2.703000000000000114e+01
4.000000000000000000e+01,7.000000000000000000e+01,2.735000000000000142e+01
4.100000000000000000e+01,7.000000000000000000e+01,2.735000000000000142e+01
4.200000000000000000e+01,7.000000000000000000e+01,2.767000000000000171e+01
4.300000000000000000e+01,7.000000000000000000e+01,2.800000000000000000e+01
4.400000000000000000e+01,7.000000000000000000e+01,2.832000000000000028e+01
4.500000000000000000e+01,7.000000000000000000e+01,2.864000000000000057e+01
4.600000000000000000e+01,7.000000000000000000e+01,2.896000000000000085e+01
4.700000000000000000e+01,7.000000000000000000e+01,2.896000000000000085e+01
4.800000000000000000e+01,7.000000000000000000e+01,2.928999999999999915e+01
4.900000000000000000e+01,7.000000000000000000e+01,2.960999999999999943e+01
5.000000000000000000e+01,7.000000000000000000e+01,2.992999999999999972e+01
5.100000000000000000e+01,7.000000000000000000e+01,3.025000000000000000e+01
5.200000000000000000e+01,7.000000000000000000e+01,3.057000000000000028e+01
5.300000000000000000e+01,7.000000000000000000e+01,3.057000000000000028e+01
5.400000000000000000e+01,7.000000000000000000e+01,3.121999999999999886e+01
5.500000000000000000e+01,7.000000000000000000e+01,3.153999999999999915e+01
5.600000000000000000e+01,7.000000000000000000e+01,3.153999999999999915e+01
5.700000000000000000e+01,7.000000000000000000e+01,3.185999999999999943e+01
5.800000000000000000e+01,7.000000000000000000e+01,3.218999999999999773e+01
5.900000000000000000e+01,7.000000000000000000e+01,3.250999999999999801e+01
6.000000000000000000e+01,7.000000000000000000e+01,3.314999999999999858e+01
6.100000000000000000e+01,7.000000000000000000e+01,3.282999999999999829e+01
6.200000000000000000e+01,7.000000000000000000e+01,3.314999999999999858e+01
6.300000000000000000e+01,7.000000000000000000e+01,3.347999999999999687e+01
6.400000000000000000e+01,7.000000000000000000e+01,3.379999999999999716e+01
6.500000000000000000e+01,7.000000000000000000e+01,3.411999999999999744e+01
6.600000000000000000e+01,7.000000000000000000e+01,3.411999999999999744e+01
6.700000000000000000e+01,7.000000000000000000e+01,3.443999999999999773e+01
6.800000000000000000e+01,7.000000000000000000e+01,3.475999999999999801e+01
6.900000000000000000e+01,7.000000000000000000e+01,3.509000000000000341e+01
7.000000000000000000e+01,7.000000000000000000e+01,3.509000000000000341e+01
7.100000000000000000e+01,7.000000000000000000e+01,3.540999999999999659e+01
7.200000000000000000e+01,7.000000000000000000e+01,3.572999999999999687e+01
7.300000000000000000e+01,7.000000000000000000e+01,3.604999999999999716e+01
7.400000000000000000e+01,7.000000000000000000e+01,3.604999999999999716e+01
7.500000000000000000e+01,7.000000000000000000e+01,3.638000000000000256e+01
7.600000000000000000e+01,7.000000000000000000e+01,3.670000000000000284e+01
7.700000000000000000e+01,7.000000000000000000e+01,3.702000000000000313e+01
7.800000000000000000e+01,7.000000000000000000e+01,3.734000000000000341e+01
7.900000000000000000e+01,7.000000000000000000e+01,3.734000000000000341e+01
8.000000000000000000e+01,7.000000000000000000e+01,3.767000000000000171e+01
8.100000000000000000e+01,7.000000000000000000e+01,3.799000000000000199e+01
8.200000000000000000e+01,7.000000000000000000e+01,3.831000000000000227e+01
8.300000000000000000e+01,7.000000000000000000e+01,3.863000000000000256e+01
8.400000000000000000e+01,7.000000000000000000e+01,3.863000000000000256e+01
8.500000000000000000e+01,7.000000000000000000e+01,3.895000000000000284e+01
8.600000000000000000e+01,7.000000000000000000e+01,3.928000000000000114e+01
8.700000000000000000e+01,7.000000000000000000e+01,3.960000000000000142e+01
8.800000000000000000e+01,7.000000000000000000e+01,3.992000000000000171e+01
8.900000000000000000e+01,7.000000000000000000e+01,3.992000000000000171e+01
9.000000000000000000e+01,7.000000000000000000e+01,4.024000000000000199e+01
9.100000000000000000e+01,7.000000000000000000e+01,4.057000000000000028e+01
9.200000000000000000e+01,7.000000000000000000e+01,4.089000000000000057e+01
9.300000000000000000e+01,7.000000000000000000e+01,4.121000000000000085e+01
9.400000000000000000e+01,7.000000000000000000e+01,4.153000000000000114e+01
9.500000000000000000e+01,7.000000000000000000e+01,4.153000000000000114e+01
9.600000000000000000e+01,7.000000000000000000e+01,4.185999999999999943e+01
9.700000000000000000e+01,7.000000000000000000e+01,4.217999999999999972e+01
9.800000000000000000e+01,7.000000000000000000e+01,4.250000000000000000e+01
9.900000000000000000e+01,7.000000000000000000e+01,4.282000000000000028e+01
1.000000000000000000e+02,7.000000000000000000e+01,4.282000000000000028e+01
1.010000000000000000e+02,7.000000000000000000e+01,4.314000000000000057e+01
1.020000000000000000e+02,7.000000000000000000e+01,4.346999999999999886e+01
1.030000000000000000e+02,7.000000000000000000e+01,4.346999999999999886e+01
1.040000000000000000e+02,7.000000000000000000e+01,4.378999999999999915e+01
1.050000000000000000e+02,7.000000000000000000e+01,4.378999999999999915e+01
1.060000000000000000e+02,7.000000000000000000e+01,4.410999999999999943e+01
1.070000000000000000e+02,7.000000000000000000e+01,4.442999999999999972e+01
1.080000000000000000e+02,7.000000000000000000e+01,4.442999999999999972e+01
1.090000000000000000e+02,7.000000000000000000e+01,4.475999999999999801e+01
1.100000000000000000e+02,7.000000000000000000e+01,4.475999999999999801e+01
1.110000000000000000e+02,7.000000000000000000e+01,4.507999999999999829e+01
1.120000000000000000e+02,7.000000000000000000e+01,4.539999999999999858e+01
1.130000000000000000e+02,7.000000000000000000e+01,4.539999999999999858e+01
1.140000000000000000e+02,7.000000000000000000e+01,4.571999999999999886e+01
1.150000000000000000e+02,7.000000000000000000e+01,4.571999999999999886e+01
1.160000000000000000e+02,7.000000000000000000e+01,4.604999999999999716e+01
1.170000000000000000e+02,7.000000000000000000e+01,4.604999999999999716e+01
1.180000000000000000e+02,7.000000000000000000e+01,4.636999999999999744e+01
1.190000000000000000e+02,7.000000000000000000e+01,4.636999999999999744e+01
1.200000000000000000e+02,7.000000000000000000e+01,4.668999999999999773e+01
1.210000000000000000e+02,7.000000000000000000e+01,4.668999999999999773e+01
1.220000000000000000e+02,7.000000000000000000e+01,4.668999999999999773e+01
1.230000000000000000e+02,7.000000000000000000e+01,4.700999999999999801e+01
1.240000000000000000e+02,7.000000000000000000e+01,4.732999999999999829e+01
1.250000000000000000e+02,7.000000000000000000e+01,4.732999999999999829e+01
1.260000000000000000e+02,7.000000000000000000e+01,4.765999999999999659e+01
1.270000000000000000e+02,7.000000000000000000e+01,4.765999999999999659e+01
1.280000000000000000e+02,7.000000000000000000e+01,4.765999999999999659e+01
1.290000000000000000e+02,7.000000000000000000e+01,4.797999999999999687e+01
1.300000000000000000e+02,7.000000000000000000e+01,4.829999999999999716e+01
1.310000000000000000e+02,7.000000000000000000e+01,4.829999999999999716e+01
1.320000000000000000e+02,7.000000000000000000e+01,4.861999999999999744e+01
1.330000000000000000e+02,7.000000000000000000e+01,4.861999999999999744e+01
1.340000000000000000e+02,7.000000000000000000e+01,4.895000000000000284e+01
1.350000000000000000e+02,7.000000000000000000e+01,4.895000000000000284e+01
1.360000000000000000e+02,7.000000000000000000e+01,4.895000000000000284e+01
1.370000000000000000e+02,7.000000000000000000e+01,4.927000000000000313e+01
1.380000000000000000e+02,7.000000000000000000e+01,4.927000000000000313e+01
1.390000000000000000e+02,7.000000000000000000e+01,4.959000000000000341e+01
1.400000000000000000e+02,7.000000000000000000e+01,4.959000000000000341e+01
1.410000000000000000e+02,7.000000000000000000e+01,4.990999999999999659e+01
1.420000000000000000e+02,7.000000000000000000e+01,5.024000000000000199e+01
1.430000000000000000e+02,7.000000000000000000e+01,5.024000000000000199e+01
1.440000000000000000e+02,7.000000000000000000e+01,5.056000000000000227e+01
1.450000000000000000e+02,7.000000000000000000e+01,5.056000000000000227e+01
1.460000000000000000e+02,7.000000000000000000e+01,5.088000000000000256e+01
1.470000000000000000e+02,7.000000000000000000e+01,5.120000000000000284e+01
1.480000000000000000e+02,7.000000000000000000e+01,5.120000000000000284e+01
1.490000000000000000e+02,7.000000000000000000e+01,5.120000000000000284e+01
1.500000000000000000e+02,7.000000000000000000e+01,5.152000000000000313e+01
1.510000000000000000e+02,7.000000000000000000e+01,5.152000000000000313e+01
1.520000000000000000e+02,7.000000000000000000e+01,5.152000000000000313e+01
1.530000000000000000e+02,7.000000000000000000e+01,5.152000000000000313e+01
1.540000000000000000e+02,7.000000000000000000e+01,5.185000000000000142e+01
1.550000000000000000e+02,7.000000000000000000e+01,5.217000000000000171e+01
1.560000000000000000e+02,7.000000000000000000e+01,5.217000000000000171e+01
1.570000000000000000e+02,7.000000000000000000e+01,5.249000000000000199e+01
1.580000000000000000e+02,7.000000000000000000e+01,5.249000000000000199e+01
1.590000000000000000e+02,7.000000000000000000e+01,5.281000000000000227e+01
1.600000000000000000e+02,7.000000000000000000e+01,5.281000000000000227e+01
1.610000000000000000e+02,7.000000000000000000e+01,5.314000000000000057e+01
1.620000000000000000e+02,7.000000000000000000e+01,5.314000000000000057e+01
1.630000000000000000e+02,7.000000000000000000e+01,5.346000000000000085e+01
1.640000000000000000e+02,7.000000000000000000e+01,5.346000000000000085e+01
1.650000000000000000e+02,7.000000000000000000e+01,5.346000000000000085e+01
1.660000000000000000e+02,7.000000000000000000e+01,5.346000000000000085e+01
1.670000000000000000e+02,7.000000000000000000e+01,5.378000000000000114e+01
1.680000000000000000e+02,7.000000000000000000e+01,5.378000000000000114e+01
1.690000000000000000e+02,7.000000000000000000e+01,5.410000000000000142e+01
1.700000000000000000e+02,7.000000000000000000e+01,5.410000000000000142e+01
1.710000000000000000e+02,7.000000000000000000e+01,5.410000000000000142e+01
1.720000000000000000e+02,7.000000000000000000e+01,5.410000000000000142e+01
1.730000000000000000e+02,7.000000000000000000e+01,5.442999999999999972e+01
1.740000000000000000e+02,7.000000000000000000e+01,5.442999999999999972e+01
1.750000000000000000e+02,7.000000000000000000e+01,5.442999999999999972e+01
1.760000000000000000e+02,7.000000000000000000e+01,5.442999999999999972e+01
1.770000000000000000e+02,7.000000000000000000e+01,5.442999999999999972e+01
1.780000000000000000e+02,7.000000000000000000e+01,5.442999999999999972e+01
1.790000000000000000e+02,7.000000000000000000e+01,5.475000000000000000e+01
1.800000000000000000e+02,7.000000000000000000e+01,5.475000000000000000e+01
1.810000000000000000e+02,7.000000000000000000e+01,5.507000000000000028e+01
1.820000000000000000e+02,7.000000000000000000e+01,5.507000000000000028e+01
1.830000000000000000e+02,7.000000000000000000e+01,5.539000000000000057e+01
1.840000000000000000e+02,7.000000000000000000e+01,5.539000000000000057e+01
1.850000000000000000e+02,7.000000000000000000e+01,5.571000000000000085e+01
1.860000000000000000e+02,7.000000000000000000e+01,5.571000000000000085e+01
1.870000000000000000e+02,7.000000000000000000e+01,5.603999999999999915e+01
1.880000000000000000e+02,7.000000000000000000e+01,5.603999999999999915e+01
1.890000000000000000e+02,7.000000000000000000e+01,5.603999999999999915e+01
1.900000000000000000e+02,7.000000000000000000e+01,5.635999999999999943e+01
1.910000000000000000e+02,7.000000000000000000e+01,5.635999999999999943e+01
1.920000000000000000e+02,7.000000000000000000e+01,5.635999999999999943e+01
1.930000000000000000e+02,7.000000000000000000e+01,5.667999999999999972e+01
1.940000000000000000e+02,7.000000000000000000e+01,5.700000000000000000e+01
1.950000000000000000e+02,7.000000000000000000e+01,5.667999999999999972e+01
1.960000000000000000e+02,7.000000000000000000e+01,5.700000000000000000e+01
1.970000000000000000e+02,7.000000000000000000e+01,5.700000000000000000e+01
1.980000000000000000e+02,7.000000000000000000e+01,5.700000000000000000e+01
1.990000000000000000e+02,7.000000000000000000e+01,5.700000000000000000e+01
2.000000000000000000e+02,3.000000000000000000e+01,5.700000000000000000e+01
2.010000000000000000e+02,3.000000000000000000e+01,5.732999999999999829e+01
2.020000000000000000e+02,3.000000000000000000e+01,5.732999999999999829e+01
2.030000000000000000e+02,3.000000000000000000e+01,5.732999999999999829e+01
2.040000000000000000e+02,3.000000000000000000e+01,5.732999999999999829e+01
2.050000000000000000e+02,3.000000000000000000e+01,5.764999999999999858e+01
2.060000000000000000e+02,3.000000000000000000e+01,5.764999999999999858e+01
2.070000000000000000e+02,3.000000000000000000e+01,5.796999999999999886e+01
2.080000000000000000e+02,3.000000000000000000e+01,5.796999999999999886e+01
2.090000000000000000e+02,3.000000000000000000e+01,5.796999999999999886e+01
2.100000000000000000e+02,3.000000000000000000e+01,5.828999999999999915e+01
2.110000000000000000e+02,3.000000000000000000e+01,5.828999999999999915e+01
2.120000000000000000e+02,3.000000000000000000e+01,5.828999999999999915e+01
2.130000000000000000e+02,3.000000000000000000e+01,5.828999999999999915e+01
2.140000000000000000e+02,3.000000000000000000e+01,5.828999999999999915e+01
2.150000000000000000e+02,3.000000000000000000e+01,5.828999999999999915e+01
2.160000000000000000e+02,3.000000000000000000e+01,5.828999999999999915e+01
2.170000000000000000e+02,3.000000000000000000e+01,5.828999999999999915e+01
2.180000000000000000e+02,3.000000000000000000e+01,5.828999999999999915e+01
2.190000000000000000e+02,3.000000000000000000e+01,5.828999999999999915e+01
2.200000000000000000e+02,3.000000000000000000e+01,5.796999999999999886e+01
2.210000000000000000e+02,3.000000000000000000e+01,5.796999999999999886e+01
2.220000000000000000e+02,3.000000000000000000e+01,5.796999999999999886e+01
2.230000000000000000e+02,3.000000000000000000e+01,5.764999999999999858e+01
2.240000000000000000e+02,3.000000000000000000e+01,5.764999999999999858e+01
2.250000000000000000e+02,3.000000000000000000e+01,5.764999999999999858e+01
2.260000000000000000e+02,3.000000000000000000e+01,5.764999999999999858e+01
2.270000000000000000e+02,3.000000000000000000e+01,5.764999999999999858e+01
2.280000000000000000e+02,3.000000000000000000e+01,5.732999999999999829e+01
2.290000000000000000e+02,3.000000000000000000e+01,5.732999999999999829e+01
2.300000000000000000e+02,3.000000000000000000e+01,5.700000000000000000e+01
2.310000000000000000e+02,3.000000000000000000e+01,5.700000000000000000e+01
2.320000000000000000e+02,3.000000000000000000e+01,5.700000000000000000e+01
2.330000000000000000e+02,3.000000000000000000e+01,5.667999999999999972e+01
2.340000000000000000e+02,3.000000000000000000e+01,5.700000000000000000e+01
2.350000000000000000e+02,3.000000000000000000e+01,5.667999999999999972e+01
2.360000000000000000e+02,3.000000000000000000e+01,5.667999999999999972e+01
2.370000000000000000e+02,3.000000000000000000e+01,5.667999999999999972e+01
2.380000000000000000e+02,3.000000000000000000e+01,5.667999999999999972e+01
2.390000000000000000e+02,3.000000000000000000e+01,5.635999999999999943e+01
2.400000000000000000e+02,3.000000000000000000e+01,5.635999999999999943e+01
2.410000000000000000e+02,3.000000000000000000e+01,5.603999999999999915e+01
2.420000000000000000e+02,3.000000000000000000e+01,5.603999999999999915e+01
2.430000000000000000e+02,3.000000000000000000e+01,5.603999999999999915e+01
2.440000000000000000e+02,3.000000000000000000e+01,5.603999999999999915e+01
2.450000000000000000e+02,3.000000000000000000e+01,5.571000000000000085e+01
2.460000000000000000e+02,3.000000000000000000e+01,5.603999999999999915e+01
2.470000000000000000e+02,3.000000000000000000e+01,5.603999999999999915e+01
2.480000000000000000e+02,3.000000000000000000e+01,5.571000000000000085e+01
2.490000000000000000e+02,3.000000000000000000e+01,5.571000000000000085e+01
2.500000000000000000e+02,3.000000000000000000e+01,5.571000000000000085e+01
2.510000000000000000e+02,3.000000000000000000e+01,5.539000000000000057e+01
2.520000000000000000e+02,3.000000000000000000e+01,5.539000000000000057e+01
2.530000000000000000e+02,3.000000000000000000e+01,5.507000000000000028e+01
2.540000000000000000e+02,3.000000000000000000e+01,5.507000000000000028e+01
2.550000000000000000e+02,3.000000000000000000e+01,5.507000000000000028e+01
2.560000000000000000e+02,3.000000000000000000e+01,5.507000000000000028e+01
2.570000000000000000e+02,3.000000000000000000e+01,5.475000000000000000e+01
2.580000000000000000e+02,3.000000000000000000e+01,5.475000000000000000e+01
2.590000000000000000e+02,3.000000000000000000e+01,5.442999999999999972e+01
2.600000000000000000e+02,3.000000000000000000e+01,5.442999999999999972e+01
2.610000000000000000e+02,3.000000000000000000e+01,5.442999999999999972e+01
2.620000000000000000e+02,3.000000000000000000e+01,5.410000000000000142e+01
2.630000000000000000e+02,3.000000000000000000e+01,5.410000000000000142e+01
2.640000000000000000e+02,3.000000000000000000e+01,5.378000000000000114e+01
2.650000000000000000e+02,3.000000000000000000e+01,5.346000000000000085e+01
2.660000000000000000e+02,3.000000000000000000e+01,5.346000000000000085e+01
2.670000000000000000e+02,3.000000000000000000e+01,5.314000000000000057e+01
2.680000000000000000e+02,3.000000000000000000e+01,5.314000000000000057e+01
2.690000000000000000e+02,3.000000000000000000e+01,5.281000000000000227e+01
2.700000000000000000e+02,3.000000000000000000e+01,5.281000000000000227e+01
2.710000000000000000e+02,3.000000000000000000e+01,5.281000000000000227e+01
2.720000000000000000e+02,3.000000000000000000e+01,5.281000000000000227e+01
2.730000000000000000e+02,3.000000000000000000e+01,5.281000000000000227e+01
2.740000000000000000e+02,3.000000000000000000e+01,5.249000000000000199e+01
2.750000000000000000e+02,3.000000000000000000e+01,5.249000000000000199e+01
2.760000000000000000e+02,3.000000000000000000e+01,5.217000000000000171e+01
2.770000000000000000e+02,3.000000000000000000e+01,5.217000000000000171e+01
2.780000000000000000e+02,3.000000000000000000e+01,5.249000000000000199e+01
2.790000000000000000e+02,3.000000000000000000e+01,5.217000000000000171e+01
2.800000000000000000e+02,3.000000000000000000e+01,5.217000000000000171e+01
2.810000000000000000e+02,3.000000000000000000e+01,5.217000000000000171e+01
2.820000000000000000e+02,3.000000000000000000e+01,5.217000000000000171e+01
2.830000000000000000e+02,3.000000000000000000e+01,5.217000000000000171e+01
2.840000000000000000e+02,3.000000000000000000e+01,5.185000000000000142e+01
2.850000000000000000e+02,3.000000000000000000e+01,5.185000000000000142e+01
2.860000000000000000e+02,3.000000000000000000e+01,5.185000000000000142e+01
2.870000000000000000e+02,3.000000000000000000e+01,5.152000000000000313e+01
2.880000000000000000e+02,3.000000000000000000e+01,5.152000000000000313e+01
2.890000000000000000e+02,3.000000000000000000e+01,5.152000000000000313e+01
2.900000000000000000e+02,3.000000000000000000e+01,5.120000000000000284e+01
2.910000000000000000e+02,3.000000000000000000e+01,5.120000000000000284e+01
2.920000000000000000e+02,3.000000000000000000e+01,5.120000000000000284e+01
2.930000000000000000e+02,3.000000000000000000e+01,5.088000000000000256e+01
2.940000000000000000e+02,3.000000000000000000e+01,5.056000000000000227e+01
2.950000000000000000e+02,3.000000000000000000e+01,5.056000000000000227e+01
2.960000000000000000e+02,3.000000000000000000e+01,5.056000000000000227e+01
2.970000000000000000e+02,3.000000000000000000e+01,5.056000000000000227e+01
2.980000000000000000e+02,3.000000000000000000e+01,5.056000000000000227e+01
2.990000000000000000e+02,3.000000000000000000e+01,5.056000000000000227e+01
3.000000000000000000e+02,3.000000000000000000e+01,5.024000000000000199e+01
3.010000000000000000e+02,3.000000000000000000e+01,5.024000000000000199e+01
3.020000000000000000e+02,3.000000000000000000e+01,5.024000000000000199e+01
3.030000000000000000e+02,3.000000000000000000e+01,5.024000000000000199e+01
3.040000000000000000e+02,3.000000000000000000e+01,5.024000000000000199e+01
3.050000000000000000e+02,3.000000000000000000e+01,4.990999999999999659e+01
3.060000000000000000e+02,3.000000000000000000e+01,4.990999999999999659e+01
3.070000000000000000e+02,3.000000000000000000e+01,4.959000000000000341e+01
3.080000000000000000e+02,3.000000000000000000e+01,4.990999999999999659e+01
3.090000000000000000e+02,3.000000000000000000e+01,4.990999999999999659e+01
3.100000000000000000e+02,3.000000000000000000e+01,4.990999999999999659e+01
3.110000000000000000e+02,3.000000000000000000e+01,4.990999999999999659e+01
3.120000000000000000e+02,3.000000000000000000e+01,4.959000000000000341e+01
3.130000000000000000e+02,3.000000000000000000e+01,4.959000000000000341e+01
3.140000000000000000e+02,3.000000000000000000e+01,4.959000000000000341e+01
3.150000000000000000e+02,3.000000000000000000e+01,4.959000000000000341e+01
3.160000000000000000e+02,3.000000000000000000e+01,4.927000000000000313e+01
3.170000000000000000e+02,3.000000000000000000e+01,4.927000000000000313e+01
3.180000000000000000e+02,3.000000000000000000e+01,4.927000000000000313e+01
3.190000000000000000e+02,3.000000000000000000e+01,4.927000000000000313e+01
3.200000000000000000e+02,3.000000000000000000e+01,4.895000000000000284e+01
3.210000000000000000e+02,3.000000000000000000e+01,4.927000000000000313e+01
3.220000000000000000e+02,3.000000000000000000e+01,4.895000000000000284e+01
3.230000000000000000e+02,3.000000000000000000e+01,4.895000000000000284e+01
3.240000000000000000e+02,3.000000000000000000e+01,4.895000000000000284e+01
3.250000000000000000e+02,3.000000000000000000e+01,4.927000000000000313e+01
3.260000000000000000e+02,3.000000000000000000e+01,4.895000000000000284e+01
3.270000000000000000e+02,3.000000000000000000e+01,4.895000000000000284e+01
3.280000000000000000e+02,3.000000000000000000e+01,4.895000000000000284e+01
3.290000000000000000e+02,3.000000000000000000e+01,4.895000000000000284e+01
3.300000000000000000e+02,3.000000000000000000e+01,4.895000000000000284e+01
3.310000000000000000e+02,3.000000000000000000e+01,4.895000000000000284e+01
3.320000000000000000e+02,3.000000000000000000e+01,4.861999999999999744e+01
3.330000000000000000e+02,3.000000000000000000e+01,4.895000000000000284e+01
3.340000000000000000e+02,3.000000000000000000e+01,4.927000000000000313e+01
3.350000000000000000e+02,3.000000000000000000e+01,4.895000000000000284e+01
3.360000000000000000e+02,3.000000000000000000e+01,4.861999999999999744e+01
3.370000000000000000e+02,3.000000000000000000e+01,4.861999999999999744e+01
3.380000000000000000e+02,3.000000000000000000e+01,4.861999999999999744e+01
3.390000000000000000e+02,3.000000000000000000e+01,4.861999999999999744e+01
3.400000000000000000e+02,3.000000000000000000e+01,4.861999999999999744e+01
3.410000000000000000e+02,3.000000000000000000e+01,4.861999999999999744e+01
3.420000000000000000e+02,3.000000000000000000e+01,4.861999999999999744e+01
3.430000000000000000e+02,3.000000000000000000e+01,4.861999999999999744e+01
3.440000000000000000e+02,3.000000000000000000e+01,4.861999999999999744e+01
3.450000000000000000e+02,3.000000000000000000e+01,4.861999999999999744e+01
3.460000000000000000e+02,3.000000000000000000e+01,4.861999999999999744e+01
3.470000000000000000e+02,3.000000000000000000e+01,4.895000000000000284e+01
3.480000000000000000e+02,3.000000000000000000e+01,4.861999999999999744e+01
3.490000000000000000e+02,3.000000000000000000e+01,4.861999999999999744e+01
3.500000000000000000e+02,3.000000000000000000e+01,4.861999999999999744e+01
3.510000000000000000e+02,3.000000000000000000e+01,4.829999999999999716e+01
3.520000000000000000e+02,3.000000000000000000e+01,4.829999999999999716e+01
3.530000000000000000e+02,3.000000000000000000e+01,4.829999999999999716e+01
3.540000000000000000e+02,3.000000000000000000e+01,4.829999999999999716e+01
3.550000000000000000e+02,3.000000000000000000e+01,4.829999999999999716e+01
3.560000000000000000e+02,3.000000000000000000e+01,4.829999999999999716e+01
3.570000000000000000e+02,3.000000000000000000e+01,4.829999999999999716e+01
3.580000000000000000e+02,3.000000000000000000e+01,4.829999999999999716e+01
3.590000000000000000e+02,3.000000000000000000e+01,4.829999999999999716e+01
3.600000000000000000e+02,3.000000000000000000e+01,4.829999999999999716e+01
3.610000000000000000e+02,3.000000000000000000e+01,4.829999999999999716e+01
3.620000000000000000e+02,3.000000000000000000e+01,4.829999999999999716e+01
3.630000000000000000e+02,3.000000000000000000e+01,4.829999999999999716e+01
3.640000000000000000e+02,3.000000000000000000e+01,4.829999999999999716e+01
3.650000000000000000e+02,3.000000000000000000e+01,4.829999999999999716e+01
3.660000000000000000e+02,3.000000000000000000e+01,4.829999999999999716e+01
3.670000000000000000e+02,3.000000000000000000e+01,4.829999999999999716e+01
3.680000000000000000e+02,3.000000000000000000e+01,4.797999999999999687e+01
3.690000000000000000e+02,3.000000000000000000e+01,4.797999999999999687e+01
3.700000000000000000e+02,3.000000000000000000e+01,4.797999999999999687e+01
3.710000000000000000e+02,3.000000000000000000e+01,4.797999999999999687e+01
3.720000000000000000e+02,3.000000000000000000e+01,4.797999999999999687e+01
3.730000000000000000e+02,3.000000000000000000e+01,4.797999999999999687e+01
3.740000000000000000e+02,3.000000000000000000e+01,4.797999999999999687e+01
3.750000000000000000e+02,3.000000000000000000e+01,4.765999999999999659e+01
3.760000000000000000e+02,3.000000000000000000e+01,4.765999999999999659e+01
3.770000000000000000e+02,3.000000000000000000e+01,4.765999999999999659e+01
3.780000000000000000e+02,3.000000000000000000e+01,4.765999999999999659e+01
3.790000000000000000e+02,3.000000000000000000e+01,4.765999999999999659e+01
3.800000000000000000e+02,3.000000000000000000e+01,4.765999999999999659e+01
3.810000000000000000e+02,3.000000000000000000e+01,4.765999999999999659e+01
3.820000000000000000e+02,3.000000000000000000e+01,4.765999999999999659e+01
3.830000000000000000e+02,3.000000000000000000e+01,4.765999999999999659e+01
3.840000000000000000e+02,3.000000000000000000e+01,4.765999999999999659e+01
3.850000000000000000e+02,3.000000000000000000e+01,4.732999999999999829e+01
3.860000000000000000e+02,3.000000000000000000e+01,4.732999999999999829e+01
3.870000000000000000e+02,3.000000000000000000e+01,4.732999999999999829e+01
3.880000000000000000e+02,3.000000000000000000e+01,4.732999999999999829e+01
3.890000000000000000e+02,3.000000000000000000e+01,4.732999999999999829e+01
3.900000000000000000e+02,3.000000000000000000e+01,4.700999999999999801e+01
3.910000000000000000e+02,3.000000000000000000e+01,4.732999999999999829e+01
3.920000000000000000e+02,3.000000000000000000e+01,4.700999999999999801e+01
3.930000000000000000e+02,3.000000000000000000e+01,4.700999999999999801e+01
3.940000000000000000e+02,3.000000000000000000e+01,4.700999999999999801e+01
3.950000000000000000e+02,3.000000000000000000e+01,4.700999999999999801e+01
3.960000000000000000e+02,3.000000000000000000e+01,4.700999999999999801e+01
3.970000000000000000e+02,3.000000000000000000e+01,4.700999999999999801e+01
3.980000000000000000e+02,3.000000000000000000e+01,4.700999999999999801e+01
3.990000000000000000e+02,3.000000000000000000e+01,4.700999999999999801e+01
4.000000000000000000e+02,8.000000000000000000e+01,4.732999999999999829e+01
4.010000000000000000e+02,8.000000000000000000e+01,4.700999999999999801e+01
4.020000000000000000e+02,8.000000000000000000e+01,4.700999999999999801e+01
4.030000000000000000e+02,8.000000000000000000e+01,4.700999999999999801e+01
4.040000000000000000e+02,8.000000000000000000e+01,4.668999999999999773e+01
4.050000000000000000e+02,8.000000000000000000e+01,4.668999999999999773e+01
4.060000000000000000e+02,8.000000000000000000e+01,4.668999999999999773e+01
4.070000000000000000e+02,8.000000000000000000e+01,4.668999999999999773e+01
4.080000000000000000e+02,8.000000000000000000e+01,4.700999999999999801e+01
4.090000000000000000e+02,8.000000000000000000e+01,4.700999999999999801e+01
4.100000000000000000e+02,8.000000000000000000e+01,4.700999999999999801e+01
4.110000000000000000e+02,8.000000000000000000e+01,4.732999999999999829e+01
4.120000000000000000e+02,8.000000000000000000e+01,4.732999999999999829e+01
4.130000000000000000e+02,8.000000000000000000e+01,4.732999999999999829e+01
4.140000000000000000e+02,8.000000000000000000e+01,4.732999999999999829e+01
4.150000000000000000e+02,8.000000000000000000e+01,4.732999999999999829e+01
4.160000000000000000e+02,8.000000000000000000e+01,4.732999999999999829e+01
4.170000000000000000e+02,8.000000000000000000e+01,4.765999999999999659e+01
4.180000000000000000e+02,8.000000000000000000e+01,4.765999999999999659e+01
4.190000000000000000e+02,8.000000000000000000e+01,4.797999999999999687e+01
4.200000000000000000e+02,8.000000000000000000e+01,4.797999999999999687e+01
4.210000000000000000e+02,8.000000000000000000e+01,4.797999999999999687e+01
4.220000000000000000e+02,8.000000000000000000e+01,4.829999999999999716e+01
4.230000000000000000e+02,8.000000000000000000e+01,4.829999999999999716e+01
4.240000000000000000e+02,8.000000000000000000e+01,4.861999999999999744e+01
4.250000000000000000e+02,8.000000000000000000e+01,4.861999999999999744e+01
4.260000000000000000e+02,8.000000000000000000e+01,4.861999999999999744e+01
4.270000000000000000e+02,8.000000000000000000e+01,4.895000000000000284e+01
4.280000000000000000e+02,8.000000000000000000e+01,4.895000000000000284e+01
4.290000000000000000e+02,8.000000000000000000e+01,4.927000000000000313e+01
4.300000000000000000e+02,8.000000000000000000e+01,4.927000000000000313e+01
4.310000000000000000e+02,8.000000000000000000e+01,4.927000000000000313e+01
4.320000000000000000e+02,8.000000000000000000e+01,4.959000000000000341e+01
4.330000000000000000e+02,8.000000000000000000e+01,4.959000000000000341e+01
4.340000000000000000e+02,8.000000000000000000e+01,4.990999999999999659e+01
4.350000000000000000e+02,8.000000000000000000e+01,4.990999999999999659e+01
4.360000000000000000e+02,8.000000000000000000e+01,5.024000000000000199e+01
4.370000000000000000e+02,8.000000000000000000e+01,5.056000000000000227e+01
4.380000000000000000e+02,8.000000000000000000e+01,5.088000000000000256e+01
4.390000000000000000e+02,8.000000000000000000e+01,5.088000000000000256e+01
4.400000000000000000e+02,8.000000000000000000e+01,5.088000000000000256e+01
4.410000000000000000e+02,8.000000000000000000e+01,5.120000000000000284e+01
4.420000000000000000e+02,8.000000000000000000e+01,5.120000000000000284e+01
4.430000000000000000e+02,8.000000000000000000e+01,5.152000000000000313e+01
4.440000000000000000e+02,8.000000000000000000e+01,5.185000000000000142e+01
4.450000000000000000e+02,8.000000000000000000e+01,5.217000000000000171e+01
4.460000000000000000e+02,8.000000000000000000e+01,5.281000000000000227e+01
4.470000000000000000e+02,8.000000000000000000e+01,5.281000000000000227e+01
4.480000000000000000e+02,8.000000000000000000e+01,5.281000000000000227e+01
4.490000000000000000e+02,8.000000000000000000e+01,5.314000000000000057e+01
4.500000000000000000e+02,8.000000000000000000e+01,5.314000000000000057e+01
4.510000000000000000e+02,8.000000000000000000e+01,5.346000000000000085e+01
4.520000000000000000e+02,8.000000000000000000e+01,5.378000000000000114e+01
4.530000000000000000e+02,8.000000000000000000e+01,5.410000000000000142e+01
4.540000000000000000e+02,8.000000000000000000e+01,5.410000000000000142e+01
4.550000000000000000e+02,8.000000000000000000e+01,5.442999999999999972e+01
4.560000000000000000e+02,8.000000000000000000e+01,5.442999999999999972e+01
4.570000000000000000e+02,8.000000000000000000e+01,5.442999999999999972e+01
4.580000000000000000e+02,8.000000000000000000e+01,5.442999999999999972e+01
4.590000000000000000e+02,8.000000000000000000e+01,5.475000000000000000e+01
4.600000000000000000e+02,8.000000000000000000e+01,5.507000000000000028e+01
4.610000000000000000e+02,8.000000000000000000e+01,5.507000000000000028e+01
4.620000000000000000e+02,8.000000000000000000e+01,5.539000000000000057e+01
4.630000000000000000e+02,8.000000000000000000e+01,5.539000000000000057e+01
4.640000000000000000e+02,8.000000000000000000e+01,5.571000000000000085e+01
4.650000000000000000e+02,8.000000000000000000e+01,5.571000000000000085e+01
4.660000000000000000e+02,8.000000000000000000e+01,5.603999999999999915e+01
4.670000000000000000e+02,8.000000000000000000e+01,5.635999999999999943e+01
4.680000000000000000e+02,8.000000000000000000e+01,5.635999999999999943e+01
4.690000000000000000e+02,8.000000000000000000e+01,5.667999999999999972e+01
4.700000000000000000e+02,8.000000000000000000e+01,5.700000000000000000e+01
4.710000000000000000e+02,8.000000000000000000e+01,5.667999999999999972e+01
4.720000000000000000e+02,8.000000000000000000e+01,5.700000000000000000e+01
4.730000000000000000e+02,8.000000000000000000e+01,5.764999999999999858e+01
4.740000000000000000e+02,8.000000000000000000e+01,5.764999999999999858e+01
4.750000000000000000e+02,8.000000000000000000e+01,5.764999999999999858e+01
4.760000000000000000e+02,8.000000000000000000e+01,5.796999999999999886e+01
4.770000000000000000e+02,8.000000000000000000e+01,5.828999999999999915e+01
4.780000000000000000e+02,8.000000000000000000e+01,5.861999999999999744e+01
4.790000000000000000e+02,8.000000000000000000e+01,5.861999999999999744e+01
4.800000000000000000e+02,8.000000000000000000e+01,5.893999999999999773e+01
4.810000000000000000e+02,8.000000000000000000e+01,5.925999999999999801e+01
4.820000000000000000e+02,8.000000000000000000e+01,5.925999999999999801e+01
4.830000000000000000e+02,8.000000000000000000e+01,5.957999999999999829e+01
4.840000000000000000e+02,8.000000000000000000e+01,5.957999999999999829e+01
4.850000000000000000e+02,8.000000000000000000e+01,5.957999999999999829e+01
4.860000000000000000e+02,8.000000000000000000e+01,5.989999999999999858e+01
4.870000000000000000e+02,8.000000000000000000e+01,5.989999999999999858e+01
4.880000000000000000e+02,8.000000000000000000e+01,6.022999999999999687e+01
4.890000000000000000e+02,8.000000000000000000e+01,6.022999999999999687e+01
4.900000000000000000e+02,8.000000000000000000e+01,6.054999999999999716e+01
4.910000000000000000e+02,8.000000000000000000e+01,6.054999999999999716e+01
4.920000000000000000e+02,8.000000000000000000e+01,6.054999999999999716e+01
4.930000000000000000e+02,8.000000000000000000e+01,6.086999999999999744e+01
4.940000000000000000e+02,8.000000000000000000e+01,6.086999999999999744e+01
4.950000000000000000e+02,8.000000000000000000e+01,6.086999999999999744e+01
4.960000000000000000e+02,8.000000000000000000e+01,6.118999999999999773e+01
4.970000000000000000e+02,8.000000000000000000e+01,6.118999999999999773e+01
4.980000000000000000e+02,8.000000000000000000e+01,6.152000000000000313e+01
4.990000000000000000e+02,8.000000000000000000e+01,6.152000000000000313e+01
5.000000000000000000e+02,8.000000000000000000e+01,6.184000000000000341e+01
5.010000000000000000e+02,8.000000000000000000e+01,6.184000000000000341e+01
5.020000000000000000e+02,8.000000000000000000e+01,6.184000000000000341e+01
5.030000000000000000e+02,8.000000000000000000e+01,6.215999999999999659e+01
5.040000000000000000e+02,8.000000000000000000e+01,6.215999999999999659e+01
5.050000000000000000e+02,8.000000000000000000e+01,6.215999999999999659e+01
5.060000000000000000e+02,8.000000000000000000e+01,6.247999999999999687e+01
5.070000000000000000e+02,8.000000000000000000e+01,6.247999999999999687e+01
5.080000000000000000e+02,8.000000000000000000e+01,6.279999999999999716e+01
5.090000000000000000e+02,8.000000000000000000e+01,6.247999999999999687e+01
5.100000000000000000e+02,8.000000000000000000e+01,6.247999999999999687e+01
5.110000000000000000e+02,8.000000000000000000e+01,6.247999999999999687e+01
5.120000000000000000e+02,8.000000000000000000e+01,6.247999999999999687e+01
5.130000000000000000e+02,8.000000000000000000e+01,6.279999999999999716e+01
5.140000000000000000e+02,8.000000000000000000e+01,6.279999999999999716e+01
5.150000000000000000e+02,8.000000000000000000e+01,6.313000000000000256e+01
5.160000000000000000e+02,8.000000000000000000e+01,6.313000000000000256e+01
5.170000000000000000e+02,8.000000000000000000e+01,6.345000000000000284e+01
5.180000000000000000e+02,8.000000000000000000e+01,6.313000000000000256e+01
5.190000000000000000e+02,8.000000000000000000e+01,6.377000000000000313e+01
5.200000000000000000e+02,8.000000000000000000e+01,6.377000000000000313e+01
5.210000000000000000e+02,8.000000000000000000e+01,6.377000000000000313e+01
5.220000000000000000e+02,8.000000000000000000e+01,6.409000000000000341e+01
5.230000000000000000e+02,8.000000000000000000e+01,6.442000000000000171e+01
5.240000000000000000e+02,8.000000000000000000e+01,6.442000000000000171e+01
5.250000000000000000e+02,8.000000000000000000e+01,6.442000000000000171e+01
5.260000000000000000e+02,8.000000000000000000e+01,6.442000000000000171e+01
5.270000000000000000e+02,8.000000000000000000e+01,6.473999999999999488e+01
5.280000000000000000e+02,8.000000000000000000e+01,6.473999999999999488e+01
5.290000000000000000e+02,8.000000000000000000e+01,6.473999999999999488e+01
5.300000000000000000e+02,8.000000000000000000e+01,6.473999999999999488e+01
5.310000000000000000e+02,8.000000000000000000e+01,6.473999999999999488e+01
5.320000000000000000e+02,8.000000000000000000e+01,6.506000000000000227e+01
5.330000000000000000e+02,8.000000000000000000e+01,6.506000000000000227e+01
5.340000000000000000e+02,8.000000000000000000e+01,6.537999999999999545e+01
5.350000000000000000e+02,8.000000000000000000e+01,6.570999999999999375e+01
5.360000000000000000e+02,8.000000000000000000e+01,6.570999999999999375e+01
5.370000000000000000e+02,8.000000000000000000e+01,6.603000000000000114e+01
5.380000000000000000e+02,8.000000000000000000e+01,6.603000000000000114e+01
5.390000000000000000e+02,8.000000000000000000e+01,6.603000000000000114e+01
5.400000000000000000e+02,8.000000000000000000e+01,6.603000000000000114e+01
5.410000000000000000e+02,8.000000000000000000e+01,6.603000000000000114e+01
5.420000000000000000e+02,8.000000000000000000e+01,6.603000000000000114e+01
5.430000000000000000e+02,8.000000000000000000e+01,6.603000000000000114e+01
5.440000000000000000e+02,8.000000000000000000e+01,6.634999999999999432e+01
5.450000000000000000e+02,8.000000000000000000e+01,6.634999999999999432e+01
5.460000000000000000e+02,8.000000000000000000e+01,6.634999999999999432e+01
5.470000000000000000e+02,8.000000000000000000e+01,6.634999999999999432e+01
5.480000000000000000e+02,8.000000000000000000e+01,6.667000000000000171e+01
5.490000000000000000e+02,8.000000000000000000e+01,6.667000000000000171e+01
5.500000000000000000e+02,0.000000000000000000e+00,6.667000000000000171e+01
5.510000000000000000e+02,0.000000000000000000e+00,6.667000000000000171e+01
5.520000000000000000e+02,0.000000000000000000e+00,6.698999999999999488e+01
5.530000000000000000e+02,0.000000000000000000e+00,6.698999999999999488e+01
5.540000000000000000e+02,0.000000000000000000e+00,6.698999999999999488e+01
5.550000000000000000e+02,0.000000000000000000e+00,6.698999999999999488e+01
5.560000000000000000e+02,0.000000000000000000e+00,6.731999999999999318e+01
5.570000000000000000e+02,0.000000000000000000e+00,6.698999999999999488e+01
5.580000000000000000e+02,0.000000000000000000e+00,6.731999999999999318e+01
5.590000000000000000e+02,0.000000000000000000e+00,6.731999999999999318e+01
5.600000000000000000e+02,0.000000000000000000e+00,6.698999999999999488e+01
5.610000000000000000e+02,0.000000000000000000e+00,6.698999999999999488e+01
5.620000000000000000e+02,0.000000000000000000e+00,6.698999999999999488e+01
5.630000000000000000e+02,0.000000000000000000e+00,6.698999999999999488e+01
5.640000000000000000e+02,0.000000000000000000e+00,6.698999999999999488e+01
5.650000000000000000e+02,0.000000000000000000e+00,6.667000000000000171e+01
5.660000000000000000e+02,0.000000000000000000e+00,6.634999999999999432e+01
5.670000000000000000e+02,0.000000000000000000e+00,6.634999999999999432e+01
5.680000000000000000e+02,0.000000000000000000e+00,6.634999999999999432e+01
5.690000000000000000e+02,0.000000000000000000e+00,6.603000000000000114e+01
5.700000000000000000e+02,0.000000000000000000e+00,6.603000000000000114e+01
5.710000000000000000e+02,0.000000000000000000e+00,6.570999999999999375e+01
5.720000000000000000e+02,0.000000000000000000e+00,6.570999999999999375e+01
5.730000000000000000e+02,0.000000000000000000e+00,6.537999999999999545e+01
5.740000000000000000e+02,0.000000000000000000e+00,6.506000000000000227e+01
5.750000000000000000e+02,0.000000000000000000e+00,6.473999999999999488e+01
5.760000000000000000e+02,0.000000000000000000e+00,6.473999999999999488e+01
5.770000000000000000e+02,0.000000000000000000e+00,6.442000000000000171e+01
5.780000000000000000e+02,0.000000000000000000e+00,6.442000000000000171e+01
5.790000000000000000e+02,0.000000000000000000e+00,6.442000000000000171e+01
5.800000000000000000e+02,0.000000000000000000e+00,6.442000000000000171e+01
5.810000000000000000e+02,0.000000000000000000e+00,6.409000000000000341e+01
5.820000000000000000e+02,0.000000000000000000e+00,6.377000000000000313e+01
5.830000000000000000e+02,0.000000000000000000e+00,6.345000000000000284e+01
5.840000000000000000e+02,0.000000000000000000e+00,6.345000000000000284e+01
5.850000000000000000e+02,0.000000000000000000e+00,6.313000000000000256e+01
5.860000000000000000e+02,0.000000000000000000e+00,6.279999999999999716e+01
5.870000000000000000e+02,0.000000000000000000e+00,6.247999999999999687e+01
5.880000000000000000e+02,0.000000000000000000e+00,6.215999999999999659e+01
5.890000000000000000e+02,0.000000000000000000e+00,6.184000000000000341e+01
5.900000000000000000e+02,0.000000000000000000e+00,6.152000000000000313e+01
5.910000000000000000e+02,0.000000000000000000e+00,6.152000000000000313e+01
5.920000000000000000e+02,0.000000000000000000e+00,6.118999999999999773e+01
5.930000000000000000e+02,0.000000000000000000e+00,6.086999999999999744e+01
5.940000000000000000e+02,0.000000000000000000e+00,6.054999999999999716e+01
5.950000000000000000e+02,0.000000000000000000e+00,6.022999999999999687e+01
5.960000000000000000e+02,0.000000000000000000e+00,6.022999999999999687e+01
5.970000000000000000e+02,0.000000000000000000e+00,5.989999999999999858e+01
5.980000000000000000e+02,0.000000000000000000e+00,5.957999999999999829e+01
5.990000000000000000e+02,0.000000000000000000e+00,5.925999999999999801e+01
6.000000000000000000e+02,0.000000000000000000e+00,5.925999999999999801e+01
